"Step","target-coordinate_head-mlp1024-768-512_lr-1e-3_epoch-50 - train_loss","target-coordinate_head-mlp1024-768-512_lr-1e-3_epoch-50 - train_loss__MIN","target-coordinate_head-mlp1024-768-512_lr-1e-3_epoch-50 - train_loss__MAX","target-coordinate_head-mlp768-512-256_lr-1e-3_epoch-50 - train_loss","target-coordinate_head-mlp768-512-256_lr-1e-3_epoch-50 - train_loss__MIN","target-coordinate_head-mlp768-512-256_lr-1e-3_epoch-50 - train_loss__MAX","target-coordinate_head-mlp768-768-512_lr-1e-3_epoch-50 - train_loss","target-coordinate_head-mlp768-768-512_lr-1e-3_epoch-50 - train_loss__MIN","target-coordinate_head-mlp768-768-512_lr-1e-3_epoch-50 - train_loss__MAX","target-coordinate_head-mlp768-768-768_lr-1e-3_epoch-50 - train_loss","target-coordinate_head-mlp768-768-768_lr-1e-3_epoch-50 - train_loss__MIN","target-coordinate_head-mlp768-768-768_lr-1e-3_epoch-50 - train_loss__MAX","target-coordinate_head-mlp1024-768_lr-1e-3_epoch-50 - train_loss","target-coordinate_head-mlp1024-768_lr-1e-3_epoch-50 - train_loss__MIN","target-coordinate_head-mlp1024-768_lr-1e-3_epoch-50 - train_loss__MAX","target-coordinate_head-mlp1024-512_lr-1e-3_epoch-50 - train_loss","target-coordinate_head-mlp1024-512_lr-1e-3_epoch-50 - train_loss__MIN","target-coordinate_head-mlp1024-512_lr-1e-3_epoch-50 - train_loss__MAX","target-coordinate_head-mlp1024_lr-1e-3_epoch-50 - train_loss","target-coordinate_head-mlp1024_lr-1e-3_epoch-50 - train_loss__MIN","target-coordinate_head-mlp1024_lr-1e-3_epoch-50 - train_loss__MAX","target-coordinate_head-mlp1024-256_lr-1e-3_epoch-50 - train_loss","target-coordinate_head-mlp1024-256_lr-1e-3_epoch-50 - train_loss__MIN","target-coordinate_head-mlp1024-256_lr-1e-3_epoch-50 - train_loss__MAX","target-coordinate_head-mlp768-768_lr-1e-3_epoch-50 - train_loss","target-coordinate_head-mlp768-768_lr-1e-3_epoch-50 - train_loss__MIN","target-coordinate_head-mlp768-768_lr-1e-3_epoch-50 - train_loss__MAX","target-coordinate_head-mlp768-512_lr-1e-3_epoch-50 - train_loss","target-coordinate_head-mlp768-512_lr-1e-3_epoch-50 - train_loss__MIN","target-coordinate_head-mlp768-512_lr-1e-3_epoch-50 - train_loss__MAX","target-coordinate_head-mlp768-256_lr-1e-3_epoch-50 - train_loss","target-coordinate_head-mlp768-256_lr-1e-3_epoch-50 - train_loss__MIN","target-coordinate_head-mlp768-256_lr-1e-3_epoch-50 - train_loss__MAX","target-coordinate_head-mlp512-256_lr-1e-3_epoch-50 - train_loss","target-coordinate_head-mlp512-256_lr-1e-3_epoch-50 - train_loss__MIN","target-coordinate_head-mlp512-256_lr-1e-3_epoch-50 - train_loss__MAX","target-coordinate_head-mlp768_lr-1e-3_epoch-50 - train_loss","target-coordinate_head-mlp768_lr-1e-3_epoch-50 - train_loss__MIN","target-coordinate_head-mlp768_lr-1e-3_epoch-50 - train_loss__MAX","target-coordinate_head-linear_lr-1e-3_epoch-50 - train_loss","target-coordinate_head-linear_lr-1e-3_epoch-50 - train_loss__MIN","target-coordinate_head-linear_lr-1e-3_epoch-50 - train_loss__MAX","target-coordinate_head-mlp256_lr-1e-3_epoch-50 - train_loss","target-coordinate_head-mlp256_lr-1e-3_epoch-50 - train_loss__MIN","target-coordinate_head-mlp256_lr-1e-3_epoch-50 - train_loss__MAX","target-coordinate_head-mlp512_lr-1e-3_epoch-50 - train_loss","target-coordinate_head-mlp512_lr-1e-3_epoch-50 - train_loss__MIN","target-coordinate_head-mlp512_lr-1e-3_epoch-50 - train_loss__MAX"
"1","0.5946072399717247","0.5946072399717247","0.5946072399717247","0.6064783001188458","0.6064783001188458","0.6064783001188458","0.6039686929870594","0.6039686929870594","0.6039686929870594","0.6020713496595754","0.6020713496595754","0.6020713496595754","0.5882680001908579","0.5882680001908579","0.5882680001908579","0.5942959159524743","0.5942959159524743","0.5942959159524743","0.6008037569450583","0.6008037569450583","0.6008037569450583","0.5943515277781265","0.5943515277781265","0.5943515277781265","0.5788835416718227","0.5788835416718227","0.5788835416718227","0.5914328232616128","0.5914328232616128","0.5914328232616128","0.59546629418531","0.59546629418531","0.59546629418531","0.6014452507710162","0.6014452507710162","0.6014452507710162","0.6088812989714395","0.6088812989714395","0.6088812989714395","0.7964631724041868","0.7964631724041868","0.7964631724041868","0.6313946196074196","0.6313946196074196","0.6313946196074196","0.6159375835473588","0.6159375835473588","0.6159375835473588"
"2","0.4718380634494251","0.4718380634494251","0.4718380634494251","0.48375989301336514","0.48375989301336514","0.48375989301336514","0.47353968494679005","0.47353968494679005","0.47353968494679005","0.4738079463029726","0.4738079463029726","0.4738079463029726","0.47198749079749475","0.47198749079749475","0.47198749079749475","0.47485699042091484","0.47485699042091484","0.47485699042091484","0.49273025010898497","0.49273025010898497","0.49273025010898497","0.4746493863040412","0.4746493863040412","0.4746493863040412","0.46781314809668173","0.46781314809668173","0.46781314809668173","0.4748395318976157","0.4748395318976157","0.4748395318976157","0.47832664575780587","0.47832664575780587","0.47832664575780587","0.487225511644113","0.487225511644113","0.487225511644113","0.5033972068843903","0.5033972068843903","0.5033972068843903","0.665447262031079","0.665447262031079","0.665447262031079","0.5240153824363524","0.5240153824363524","0.5240153824363524","0.5177723053581618","0.5177723053581618","0.5177723053581618"
"3","0.41417245489313637","0.41417245489313637","0.41417245489313637","0.4223307924015347","0.4223307924015347","0.4223307924015347","0.41162858662022894","0.41162858662022894","0.41162858662022894","0.4099738868434483","0.4099738868434483","0.4099738868434483","0.4147127172086959","0.4147127172086959","0.4147127172086959","0.4186460679495304","0.4186460679495304","0.4186460679495304","0.4519537465275924","0.4519537465275924","0.4519537465275924","0.41737462797085906","0.41737462797085906","0.41737462797085906","0.41203434521896215","0.41203434521896215","0.41203434521896215","0.41826579592542623","0.41826579592542623","0.41826579592542623","0.42607990234972415","0.42607990234972415","0.42607990234972415","0.43808195096306346","0.43808195096306346","0.43808195096306346","0.4581872837276982","0.4581872837276982","0.4581872837276982","0.6324308621810818","0.6324308621810818","0.6324308621810818","0.4873443611790619","0.4873443611790619","0.4873443611790619","0.4741840040751832","0.4741840040751832","0.4741840040751832"
"4","0.36182203012387243","0.36182203012387243","0.36182203012387243","0.3722232792633802","0.3722232792633802","0.3722232792633802","0.36598019234273554","0.36598019234273554","0.36598019234273554","0.3575563724264096","0.3575563724264096","0.3575563724264096","0.3657395422368866","0.3657395422368866","0.3657395422368866","0.3744217833298445","0.3744217833298445","0.3744217833298445","0.41653124423101257","0.41653124423101257","0.41653124423101257","0.3727043936468522","0.3727043936468522","0.3727043936468522","0.3684357240537028","0.3684357240537028","0.3684357240537028","0.36785624676195755","0.36785624676195755","0.36785624676195755","0.3870360966845959","0.3870360966845959","0.3870360966845959","0.3957652946257108","0.3957652946257108","0.3957652946257108","0.42785859410614496","0.42785859410614496","0.42785859410614496","0.6147859848253413","0.6147859848253413","0.6147859848253413","0.4607604455960595","0.4607604455960595","0.4607604455960595","0.44644313088126575","0.44644313088126575","0.44644313088126575"
"5","0.3139815702964258","0.3139815702964258","0.3139815702964258","0.3279509730372869","0.3279509730372869","0.3279509730372869","0.3299137936289055","0.3299137936289055","0.3299137936289055","0.3167959265600286","0.3167959265600286","0.3167959265600286","0.31940187555820504","0.31940187555820504","0.31940187555820504","0.33267121676603206","0.33267121676603206","0.33267121676603206","0.38984813684125197","0.38984813684125197","0.38984813684125197","0.33134449071102445","0.33134449071102445","0.33134449071102445","0.3287284779850166","0.3287284779850166","0.3287284779850166","0.3208147371661855","0.3208147371661855","0.3208147371661855","0.34471077723129917","0.34471077723129917","0.34471077723129917","0.36189717923578085","0.36189717923578085","0.36189717923578085","0.3988519740618683","0.3988519740618683","0.3988519740618683","0.6026021813722322","0.6026021813722322","0.6026021813722322","0.43741630007376264","0.43741630007376264","0.43741630007376264","0.4201207172527964","0.4201207172527964","0.4201207172527964"
"6","0.2791979550849559","0.2791979550849559","0.2791979550849559","0.29006118802901437","0.29006118802901437","0.29006118802901437","0.28528786301500625","0.28528786301500625","0.28528786301500625","0.2798761967914459","0.2798761967914459","0.2798761967914459","0.2782783042551815","0.2782783042551815","0.2782783042551815","0.28782207374368346","0.28782207374368346","0.28782207374368346","0.3643704199663014","0.3643704199663014","0.3643704199663014","0.2990597155758091","0.2990597155758091","0.2990597155758091","0.2819866251696348","0.2819866251696348","0.2819866251696348","0.28741831543388274","0.28741831543388274","0.28741831543388274","0.31489600707587867","0.31489600707587867","0.31489600707587867","0.3251177190963677","0.3251177190963677","0.3251177190963677","0.37728729976149056","0.37728729976149056","0.37728729976149056","0.5930683870949419","0.5930683870949419","0.5930683870949419","0.4173345710346421","0.4173345710346421","0.4173345710346421","0.40200729507372845","0.40200729507372845","0.40200729507372845"
"7","0.2395238274292092","0.2395238274292092","0.2395238274292092","0.251130080154624","0.251130080154624","0.251130080154624","0.2520015007467703","0.2520015007467703","0.2520015007467703","0.24487305812031238","0.24487305812031238","0.24487305812031238","0.24489612787211898","0.24489612787211898","0.24489612787211898","0.2570046580650335","0.2570046580650335","0.2570046580650335","0.34029124210216466","0.34029124210216466","0.34029124210216466","0.2619524974162495","0.2619524974162495","0.2619524974162495","0.25117843329947614","0.25117843329947614","0.25117843329947614","0.25116047794080565","0.25116047794080565","0.25116047794080565","0.2762484050011041","0.2762484050011041","0.2762484050011041","0.2932807880198971","0.2932807880198971","0.2932807880198971","0.35342337633753457","0.35342337633753457","0.35342337633753457","0.5855919947052888","0.5855919947052888","0.5855919947052888","0.4000418579811087","0.4000418579811087","0.4000418579811087","0.3806869509226408","0.3806869509226408","0.3806869509226408"
"8","0.20652668791878795","0.20652668791878795","0.20652668791878795","0.22237643176782215","0.22237643176782215","0.22237643176782215","0.2212001807519603","0.2212001807519603","0.2212001807519603","0.2114997105522733","0.2114997105522733","0.2114997105522733","0.212189846646574","0.212189846646574","0.212189846646574","0.22790938107496614","0.22790938107496614","0.22790938107496614","0.31991083792341873","0.31991083792341873","0.31991083792341873","0.23371086702211827","0.23371086702211827","0.23371086702211827","0.22596703393344247","0.22596703393344247","0.22596703393344247","0.22188294122599617","0.22188294122599617","0.22188294122599617","0.2505249395786029","0.2505249395786029","0.2505249395786029","0.2657777957512087","0.2657777957512087","0.2657777957512087","0.33383712246205066","0.33383712246205066","0.33383712246205066","0.579511056635509","0.579511056635509","0.579511056635509","0.38545527302866445","0.38545527302866445","0.38545527302866445","0.3617453211878141","0.3617453211878141","0.3617453211878141"
"9","0.18215403968590707","0.18215403968590707","0.18215403968590707","0.19427528774447264","0.19427528774447264","0.19427528774447264","0.19057768325545893","0.19057768325545893","0.19057768325545893","0.18944295009611345","0.18944295009611345","0.18944295009611345","0.1889913228038774","0.1889913228038774","0.1889913228038774","0.1974540601211446","0.1974540601211446","0.1974540601211446","0.3002840035902401","0.3002840035902401","0.3002840035902401","0.20790871525337518","0.20790871525337518","0.20790871525337518","0.19345400639676572","0.19345400639676572","0.19345400639676572","0.1962947790424852","0.1962947790424852","0.1962947790424852","0.2226652398977637","0.2226652398977637","0.2226652398977637","0.2419705008978614","0.2419705008978614","0.2419705008978614","0.31403571228848437","0.31403571228848437","0.31403571228848437","0.5739969759272338","0.5739969759272338","0.5739969759272338","0.36788232174587365","0.36788232174587365","0.36788232174587365","0.34675115083919394","0.34675115083919394","0.34675115083919394"
"10","0.1597158524498221","0.1597158524498221","0.1597158524498221","0.17134582574575669","0.17134582574575669","0.17134582574575669","0.16980965597675338","0.16980965597675338","0.16980965597675338","0.16300982806329142","0.16300982806329142","0.16300982806329142","0.16518125393191935","0.16518125393191935","0.16518125393191935","0.1728915589388867","0.1728915589388867","0.1728915589388867","0.2800219317004183","0.2800219317004183","0.2800219317004183","0.18204854899847986","0.18204854899847986","0.18204854899847986","0.1692609333751835","0.1692609333751835","0.1692609333751835","0.17170540572918644","0.17170540572918644","0.17170540572918644","0.19879110541452102","0.19879110541452102","0.19879110541452102","0.2167851106113299","0.2167851106113299","0.2167851106113299","0.29564529441323706","0.29564529441323706","0.29564529441323706","0.5695711065466956","0.5695711065466956","0.5695711065466956","0.35231659264223486","0.35231659264223486","0.35231659264223486","0.32959201708618385","0.32959201708618385","0.32959201708618385"
"11","0.14336567320318191","0.14336567320318191","0.14336567320318191","0.15272724897236142","0.15272724897236142","0.15272724897236142","0.15527820292090333","0.15527820292090333","0.15527820292090333","0.150877210117588","0.150877210117588","0.150877210117588","0.14411022059531983","0.14411022059531983","0.14411022059531983","0.15522242229304908","0.15522242229304908","0.15522242229304908","0.2637421510945768","0.2637421510945768","0.2637421510945768","0.16267385269291754","0.16267385269291754","0.16267385269291754","0.15348104657478448","0.15348104657478448","0.15348104657478448","0.15179563101470145","0.15179563101470145","0.15179563101470145","0.17690134599878762","0.17690134599878762","0.17690134599878762","0.1971894654241994","0.1971894654241994","0.1971894654241994","0.2812138342280506","0.2812138342280506","0.2812138342280506","0.5659473360722059","0.5659473360722059","0.5659473360722059","0.34074838725941287","0.34074838725941287","0.34074838725941287","0.3129245966910448","0.3129245966910448","0.3129245966910448"
"12","0.12912401411632565","0.12912401411632565","0.12912401411632565","0.13480037937582245","0.13480037937582245","0.13480037937582245","0.13854701058767366","0.13854701058767366","0.13854701058767366","0.12604433637696202","0.12604433637696202","0.12604433637696202","0.12940119221869187","0.12940119221869187","0.12940119221869187","0.1375511987911647","0.1375511987911647","0.1375511987911647","0.24780681178367484","0.24780681178367484","0.24780681178367484","0.14264969562325244","0.14264969562325244","0.14264969562325244","0.13419647505374185","0.13419647505374185","0.13419647505374185","0.13583606835352996","0.13583606835352996","0.13583606835352996","0.15780797094735155","0.15780797094735155","0.15780797094735155","0.17920796369841144","0.17920796369841144","0.17920796369841144","0.2641130724375526","0.2641130724375526","0.2641130724375526","0.5618335107793947","0.5618335107793947","0.5618335107793947","0.32939975992895404","0.32939975992895404","0.32939975992895404","0.2988756989954645","0.2988756989954645","0.2988756989954645"
"13","0.11137460977510567","0.11137460977510567","0.11137460977510567","0.12443229825292193","0.12443229825292193","0.12443229825292193","0.12466978658964979","0.12466978658964979","0.12466978658964979","0.11809633746495364","0.11809633746495364","0.11809633746495364","0.11361637631000895","0.11361637631000895","0.11361637631000895","0.12302922474244127","0.12302922474244127","0.12302922474244127","0.2310864526523841","0.2310864526523841","0.2310864526523841","0.12696050231257963","0.12696050231257963","0.12696050231257963","0.11979706504228521","0.11979706504228521","0.11979706504228521","0.12085658531157391","0.12085658531157391","0.12085658531157391","0.13969215343444502","0.13969215343444502","0.13969215343444502","0.15928910062514792","0.15928910062514792","0.15928910062514792","0.25038712885800574","0.25038712885800574","0.25038712885800574","0.558574365441995","0.558574365441995","0.558574365441995","0.31677508139830257","0.31677508139830257","0.31677508139830257","0.2835512057050566","0.2835512057050566","0.2835512057050566"
"14","0.10337350107409116","0.10337350107409116","0.10337350107409116","0.10966921237605459","0.10966921237605459","0.10966921237605459","0.1155410729105965","0.1155410729105965","0.1155410729105965","0.10135853938397839","0.10135853938397839","0.10135853938397839","0.10465421485491619","0.10465421485491619","0.10465421485491619","0.108784367919982","0.108784367919982","0.108784367919982","0.21641544963649412","0.21641544963649412","0.21641544963649412","0.11408052933662766","0.11408052933662766","0.11408052933662766","0.1072134473706821","0.1072134473706821","0.1072134473706821","0.10896968483917384","0.10896968483917384","0.10896968483917384","0.1264218923565112","0.1264218923565112","0.1264218923565112","0.14591105817543887","0.14591105817543887","0.14591105817543887","0.23368932347075305","0.23368932347075305","0.23368932347075305","0.5557587318618531","0.5557587318618531","0.5557587318618531","0.3058589028506332","0.3058589028506332","0.3058589028506332","0.2715168127853573","0.2715168127853573","0.2715168127853573"
"15","0.09978625821220308","0.09978625821220308","0.09978625821220308","0.09291172776293381","0.09291172776293381","0.09291172776293381","0.09873612905862843","0.09873612905862843","0.09873612905862843","0.0907438258402976","0.0907438258402976","0.0907438258402976","0.09100814463896528","0.09100814463896528","0.09100814463896528","0.09615877305957053","0.09615877305957053","0.09615877305957053","0.20374043831839173","0.20374043831839173","0.20374043831839173","0.10151459481306446","0.10151459481306446","0.10151459481306446","0.09842519799402517","0.09842519799402517","0.09842519799402517","0.09757531780289189","0.09757531780289189","0.09757531780289189","0.11348335208405301","0.11348335208405301","0.11348335208405301","0.13305614183684986","0.13305614183684986","0.13305614183684986","0.21926236833783408","0.21926236833783408","0.21926236833783408","0.5529642245369667","0.5529642245369667","0.5529642245369667","0.29206375437200927","0.29206375437200927","0.29206375437200927","0.25680130586586436","0.25680130586586436","0.25680130586586436"
"16","0.09049020458646677","0.09049020458646677","0.09049020458646677","0.09188724901726605","0.09188724901726605","0.09188724901726605","0.08813943100339955","0.08813943100339955","0.08813943100339955","0.08548286780392331","0.08548286780392331","0.08548286780392331","0.08359890044724987","0.08359890044724987","0.08359890044724987","0.08768090914037278","0.08768090914037278","0.08768090914037278","0.1897198751850301","0.1897198751850301","0.1897198751850301","0.0929805111208519","0.0929805111208519","0.0929805111208519","0.08849332688497538","0.08849332688497538","0.08849332688497538","0.08776860110480884","0.08776860110480884","0.08776860110480884","0.1025346029559891","0.1025346029559891","0.1025346029559891","0.1213538230058426","0.1213538230058426","0.1213538230058426","0.20915256137060953","0.20915256137060953","0.20915256137060953","0.5506322957256873","0.5506322957256873","0.5506322957256873","0.2833282408842684","0.2833282408842684","0.2833282408842684","0.24499136669064303","0.24499136669064303","0.24499136669064303"
"17","0.07331563584679063","0.07331563584679063","0.07331563584679063","0.0812455422122742","0.0812455422122742","0.0812455422122742","0.07890845604672507","0.07890845604672507","0.07890845604672507","0.0748233630096352","0.0748233630096352","0.0748233630096352","0.07541849160693066","0.07541849160693066","0.07541849160693066","0.07898916210914926","0.07898916210914926","0.07898916210914926","0.17588950562019218","0.17588950562019218","0.17588950562019218","0.08289410151003003","0.08289410151003003","0.08289410151003003","0.08000761626942611","0.08000761626942611","0.08000761626942611","0.08022726085281325","0.08022726085281325","0.08022726085281325","0.09259418047286992","0.09259418047286992","0.09259418047286992","0.11231148611247513","0.11231148611247513","0.11231148611247513","0.19500147378512758","0.19500147378512758","0.19500147378512758","0.5483385530941486","0.5483385530941486","0.5483385530941486","0.2714415898204396","0.2714415898204396","0.2714415898204396","0.23194983226305527","0.23194983226305527","0.23194983226305527"
"18","0.06446535182642277","0.06446535182642277","0.06446535182642277","0.0746576898622979","0.0746576898622979","0.0746576898622979","0.0737743144020787","0.0737743144020787","0.0737743144020787","0.08557258600923576","0.08557258600923576","0.08557258600923576","0.07043777459009903","0.07043777459009903","0.07043777459009903","0.0714203229710962","0.0714203229710962","0.0714203229710962","0.16546887288504025","0.16546887288504025","0.16546887288504025","0.0765260283495682","0.0765260283495682","0.0765260283495682","0.07292200295317834","0.07292200295317834","0.07292200295317834","0.07695707630396248","0.07695707630396248","0.07695707630396248","0.08732957852133279","0.08732957852133279","0.08732957852133279","0.10263046750637843","0.10263046750637843","0.10263046750637843","0.18491227377334915","0.18491227377334915","0.18491227377334915","0.5463958672493152","0.5463958672493152","0.5463958672493152","0.2609569295639448","0.2609569295639448","0.2609569295639448","0.21895101582091953","0.21895101582091953","0.21895101582091953"
"19","0.05843866463973422","0.05843866463973422","0.05843866463973422","0.07051807136766985","0.07051807136766985","0.07051807136766985","0.06834035167333913","0.06834035167333913","0.06834035167333913","0.06266285962634023","0.06266285962634023","0.06266285962634023","0.06522673651597553","0.06522673651597553","0.06522673651597553","0.06446587179562942","0.06446587179562942","0.06446587179562942","0.1546544384138587","0.1546544384138587","0.1546544384138587","0.06915465654296883","0.06915465654296883","0.06915465654296883","0.06730635378055935","0.06730635378055935","0.06730635378055935","0.06999775878385973","0.06999775878385973","0.06999775878385973","0.07898669657744886","0.07898669657744886","0.07898669657744886","0.09478359231053717","0.09478359231053717","0.09478359231053717","0.17490541778033955","0.17490541778033955","0.17490541778033955","0.5446239579706282","0.5446239579706282","0.5446239579706282","0.2526441012530619","0.2526441012530619","0.2526441012530619","0.20883962645755458","0.20883962645755458","0.20883962645755458"
"20","0.061971672619299305","0.061971672619299305","0.061971672619299305","0.061808796251481564","0.061808796251481564","0.061808796251481564","0.069844780627867","0.069844780627867","0.069844780627867","0.05430013598389173","0.05430013598389173","0.05430013598389173","0.05773440506576983","0.05773440506576983","0.05773440506576983","0.05946960561232312","0.05946960561232312","0.05946960561232312","0.14381359636069077","0.14381359636069077","0.14381359636069077","0.0652418143557195","0.0652418143557195","0.0652418143557195","0.06550739806848963","0.06550739806848963","0.06550739806848963","0.06274995729532955","0.06274995729532955","0.06274995729532955","0.07236949067572404","0.07236949067572404","0.07236949067572404","0.08584258304393906","0.08584258304393906","0.08584258304393906","0.16439702427148564","0.16439702427148564","0.16439702427148564","0.5424746701753739","0.5424746701753739","0.5424746701753739","0.243475824462629","0.243475824462629","0.243475824462629","0.1996753922980032","0.1996753922980032","0.1996753922980032"
"21","0.05592044538403346","0.05592044538403346","0.05592044538403346","0.058493408484437376","0.058493408484437376","0.058493408484437376","0.06259666943240733","0.06259666943240733","0.06259666943240733","0.05072795501662604","0.05072795501662604","0.05072795501662604","0.05294865472111887","0.05294865472111887","0.05294865472111887","0.05614170870133273","0.05614170870133273","0.05614170870133273","0.13306562644231643","0.13306562644231643","0.13306562644231643","0.06022577744936162","0.06022577744936162","0.06022577744936162","0.060537816823952276","0.060537816823952276","0.060537816823952276","0.05876917008848085","0.05876917008848085","0.05876917008848085","0.06667151224661448","0.06667151224661448","0.06667151224661448","0.0791626628961767","0.0791626628961767","0.0791626628961767","0.15594781069370833","0.15594781069370833","0.15594781069370833","0.5406527469059861","0.5406527469059861","0.5406527469059861","0.23377110211516866","0.23377110211516866","0.23377110211516866","0.18841613673231572","0.18841613673231572","0.18841613673231572"
"22","0.05915324064448026","0.05915324064448026","0.05915324064448026","0.049936338104361426","0.049936338104361426","0.049936338104361426","0.05342458785566908","0.05342458785566908","0.05342458785566908","0.054677963998948","0.054677963998948","0.054677963998948","0.05206693446468605","0.05206693446468605","0.05206693446468605","0.05182663758921248","0.05182663758921248","0.05182663758921248","0.12882487008720214","0.12882487008720214","0.12882487008720214","0.05536393535477229","0.05536393535477229","0.05536393535477229","0.055446900499354856","0.055446900499354856","0.055446900499354856","0.056771028598213216","0.056771028598213216","0.056771028598213216","0.06333787085778714","0.06333787085778714","0.06333787085778714","0.0731992888941997","0.0731992888941997","0.0731992888941997","0.14791220290575713","0.14791220290575713","0.14791220290575713","0.5393170635331966","0.5393170635331966","0.5393170635331966","0.22724787909802927","0.22724787909802927","0.22724787909802927","0.17956654591568744","0.17956654591568744","0.17956654591568744"
"23","0.04601115989032636","0.04601115989032636","0.04601115989032636","0.04920624995620875","0.04920624995620875","0.04920624995620875","0.04493396666943971","0.04493396666943971","0.04493396666943971","0.04330281908803031","0.04330281908803031","0.04330281908803031","0.04722628455548526","0.04722628455548526","0.04722628455548526","0.04631787879539922","0.04631787879539922","0.04631787879539922","0.1157981740742284","0.1157981740742284","0.1157981740742284","0.05299744840159798","0.05299744840159798","0.05299744840159798","0.04937137361118583","0.04937137361118583","0.04937137361118583","0.05447050173302974","0.05447050173302974","0.05447050173302974","0.0589098467598009","0.0589098467598009","0.0589098467598009","0.07107928472241462","0.07107928472241462","0.07107928472241462","0.13965014458592984","0.13965014458592984","0.13965014458592984","0.537674372380851","0.537674372380851","0.537674372380851","0.21612174163944775","0.21612174163944775","0.21612174163944775","0.17096308964027387","0.17096308964027387","0.17096308964027387"
"24","0.03697276874083266","0.03697276874083266","0.03697276874083266","0.050768211768735624","0.050768211768735624","0.050768211768735624","0.03899586387691746","0.03899586387691746","0.03899586387691746","0.0383537415531252","0.0383537415531252","0.0383537415531252","0.0415939080987708","0.0415939080987708","0.0415939080987708","0.042421452971142","0.042421452971142","0.042421452971142","0.10984625065133283","0.10984625065133283","0.10984625065133283","0.048399747455880625","0.048399747455880625","0.048399747455880625","0.04705893760129107","0.04705893760129107","0.04705893760129107","0.047097866080838366","0.047097866080838366","0.047097866080838366","0.05387242632753048","0.05387242632753048","0.05387242632753048","0.06516767995134964","0.06516767995134964","0.06516767995134964","0.12932239737538664","0.12932239737538664","0.12932239737538664","0.5364128219960123","0.5364128219960123","0.5364128219960123","0.20872179483848127","0.20872179483848127","0.20872179483848127","0.16148204779580796","0.16148204779580796","0.16148204779580796"
"25","0.03317999057852862","0.03317999057852862","0.03317999057852862","0.04330084394825603","0.04330084394825603","0.04330084394825603","0.039924821033882105","0.039924821033882105","0.039924821033882105","0.06178035880924431","0.06178035880924431","0.06178035880924431","0.04174329026778793","0.04174329026778793","0.04174329026778793","0.04200147604806525","0.04200147604806525","0.04200147604806525","0.10291828944140936","0.10291828944140936","0.10291828944140936","0.04481111862537424","0.04481111862537424","0.04481111862537424","0.04760276540755657","0.04760276540755657","0.04760276540755657","0.0441436229198507","0.0441436229198507","0.0441436229198507","0.05079956464004152","0.05079956464004152","0.05079956464004152","0.060753047943717525","0.060753047943717525","0.060753047943717525","0.12314142285795496","0.12314142285795496","0.12314142285795496","0.5350028153440863","0.5350028153440863","0.5350028153440863","0.2023004248718649","0.2023004248718649","0.2023004248718649","0.15288133928591432","0.15288133928591432","0.15288133928591432"
"26","0.035429934055844825","0.035429934055844825","0.035429934055844825","0.03641735091849882","0.03641735091849882","0.03641735091849882","0.06900524094617577","0.06900524094617577","0.06900524094617577","0.03799778242397165","0.03799778242397165","0.03799778242397165","0.040579178870128296","0.040579178870128296","0.040579178870128296","0.03992560501868858","0.03992560501868858","0.03992560501868858","0.09512521560398385","0.09512521560398385","0.09512521560398385","0.04258260884626354","0.04258260884626354","0.04258260884626354","0.042185456667773236","0.042185456667773236","0.042185456667773236","0.04151736673460777","0.04151736673460777","0.04151736673460777","0.047163025414488045","0.047163025414488045","0.047163025414488045","0.055777573905549","0.055777573905549","0.055777573905549","0.1151234023485758","0.1151234023485758","0.1151234023485758","0.5335416691732565","0.5335416691732565","0.5335416691732565","0.19457090658420434","0.19457090658420434","0.19457090658420434","0.14418853632228967","0.14418853632228967","0.14418853632228967"
"27","0.056139822474368765","0.056139822474368765","0.056139822474368765","0.03668052091449172","0.03668052091449172","0.03668052091449172","0.037075186200893055","0.037075186200893055","0.037075186200893055","0.02732762926566951","0.02732762926566951","0.02732762926566951","0.037339268296794285","0.037339268296794285","0.037339268296794285","0.0372073629642228","0.0372073629642228","0.0372073629642228","0.08821620756517896","0.08821620756517896","0.08821620756517896","0.03821404689000199","0.03821404689000199","0.03821404689000199","0.039155225917675444","0.039155225917675444","0.039155225917675444","0.041596068541400626","0.041596068541400626","0.041596068541400626","0.04536625223691043","0.04536625223691043","0.04536625223691043","0.05270046714583651","0.05270046714583651","0.05270046714583651","0.11023912796030413","0.11023912796030413","0.11023912796030413","0.5324069179736205","0.5324069179736205","0.5324069179736205","0.18531408956298823","0.18531408956298823","0.18531408956298823","0.1373710096881251","0.1373710096881251","0.1373710096881251"
"28","0.03620911489215632","0.03620911489215632","0.03620911489215632","0.034637557433249776","0.034637557433249776","0.034637557433249776","0.025129852453356017","0.025129852453356017","0.025129852453356017","0.0269274546128887","0.0269274546128887","0.0269274546128887","0.03514859357297323","0.03514859357297323","0.03514859357297323","0.03380438288478411","0.03380438288478411","0.03380438288478411","0.08280702870156083","0.08280702870156083","0.08280702870156083","0.036699877282058514","0.036699877282058514","0.036699877282058514","0.03722408265371088","0.03722408265371088","0.03722408265371088","0.038394411586597725","0.038394411586597725","0.038394411586597725","0.04222436055591541","0.04222436055591541","0.04222436055591541","0.0497800585964803","0.0497800585964803","0.0497800585964803","0.10265635614909","0.10265635614909","0.10265635614909","0.5313546441858759","0.5313546441858759","0.5313546441858759","0.17987895308840202","0.17987895308840202","0.17987895308840202","0.1321890171929873","0.1321890171929873","0.1321890171929873"
"29","0.025811644946141694","0.025811644946141694","0.025811644946141694","0.05620217582177347","0.05620217582177347","0.05620217582177347","0.02244838282184428","0.02244838282184428","0.02244838282184428","0.025096761929123204","0.025096761929123204","0.025096761929123204","0.0336428303029539","0.0336428303029539","0.0336428303029539","0.033873059116348345","0.033873059116348345","0.033873059116348345","0.0796147469955597","0.0796147469955597","0.0796147469955597","0.036190418846381966","0.036190418846381966","0.036190418846381966","0.03940665020394002","0.03940665020394002","0.03940665020394002","0.034587161926574746","0.034587161926574746","0.034587161926574746","0.03867381864427204","0.03867381864427204","0.03867381864427204","0.047693877679720845","0.047693877679720845","0.047693877679720845","0.09776006656866816","0.09776006656866816","0.09776006656866816","0.5297991982446375","0.5297991982446375","0.5297991982446375","0.1731164184311446","0.1731164184311446","0.1731164184311446","0.12466037777968363","0.12466037777968363","0.12466037777968363"
"30","0.023619535916114244","0.023619535916114244","0.023619535916114244","0.03472424769183827","0.03472424769183827","0.03472424769183827","0.023507643098346312","0.023507643098346312","0.023507643098346312","0.06113506701487251","0.06113506701487251","0.06113506701487251","0.031436603077479405","0.031436603077479405","0.031436603077479405","0.029946063888404602","0.029946063888404602","0.029946063888404602","0.07170267375770026","0.07170267375770026","0.07170267375770026","0.0336070864296585","0.0336070864296585","0.0336070864296585","0.033410282252017504","0.033410282252017504","0.033410282252017504","0.034877262375690034","0.034877262375690034","0.034877262375690034","0.03723048704452399","0.03723048704452399","0.03723048704452399","0.0444214210037659","0.0444214210037659","0.0444214210037659","0.0932979238978447","0.0932979238978447","0.0932979238978447","0.5288432052989452","0.5288432052989452","0.5288432052989452","0.1666015655247496","0.1666015655247496","0.1666015655247496","0.11742765811314461","0.11742765811314461","0.11742765811314461"
"31","0.021147837674740096","0.021147837674740096","0.021147837674740096","0.02263691777190751","0.02263691777190751","0.02263691777190751","0.03530693487074538","0.03530693487074538","0.03530693487074538","0.034833599091219615","0.034833599091219615","0.034833599091219615","0.027978615809473053","0.027978615809473053","0.027978615809473053","0.029816895392735947","0.029816895392735947","0.029816895392735947","0.06898527129570853","0.06898527129570853","0.06898527129570853","0.03261809222454432","0.03261809222454432","0.03261809222454432","0.030253074637461103","0.030253074637461103","0.030253074637461103","0.033143274506289455","0.033143274506289455","0.033143274506289455","0.0359411229369129","0.0359411229369129","0.0359411229369129","0.04314985720063493","0.04314985720063493","0.04314985720063493","0.08466057520157977","0.08466057520157977","0.08466057520157977","0.5276756842433564","0.5276756842433564","0.5276756842433564","0.16341079559032431","0.16341079559032431","0.16341079559032431","0.11281496155739339","0.11281496155739339","0.11281496155739339"
"32","0.023201833954967662","0.023201833954967662","0.023201833954967662","0.02131874994124343","0.02131874994124343","0.02131874994124343","0.05753982106388188","0.05753982106388188","0.05753982106388188","0.019531457505192914","0.019531457505192914","0.019531457505192914","0.029677575711423466","0.029677575711423466","0.029677575711423466","0.029148853155117074","0.029148853155117074","0.029148853155117074","0.06688305930632144","0.06688305930632144","0.06688305930632144","0.0304850896347312","0.0304850896347312","0.0304850896347312","0.028990597440938615","0.028990597440938615","0.028990597440938615","0.03275474897842825","0.03275474897842825","0.03275474897842825","0.036869677983943125","0.036869677983943125","0.036869677983943125","0.04099307232984998","0.04099307232984998","0.04099307232984998","0.08258028439642016","0.08258028439642016","0.08258028439642016","0.526886128899682","0.526886128899682","0.526886128899682","0.15467705857341874","0.15467705857341874","0.15467705857341874","0.10496645010734229","0.10496645010734229","0.10496645010734229"
"33","0.06253796601211487","0.06253796601211487","0.06253796601211487","0.029904352425163483","0.029904352425163483","0.029904352425163483","0.027323743636145703","0.027323743636145703","0.027323743636145703","0.014983721111695294","0.014983721111695294","0.014983721111695294","0.02882852236721177","0.02882852236721177","0.02882852236721177","0.028294991864456016","0.028294991864456016","0.028294991864456016","0.06059006786445384","0.06059006786445384","0.06059006786445384","0.028109931951365453","0.028109931951365453","0.028109931951365453","0.029555317063322026","0.029555317063322026","0.029555317063322026","0.030642685814003843","0.030642685814003843","0.030642685814003843","0.03406016792343781","0.03406016792343781","0.03406016792343781","0.03930483468642404","0.03930483468642404","0.03930483468642404","0.07642409211936617","0.07642409211936617","0.07642409211936617","0.5260121726513897","0.5260121726513897","0.5260121726513897","0.15017417272408937","0.15017417272408937","0.15017417272408937","0.10101978564987388","0.10101978564987388","0.10101978564987388"
"34","0.023557617573918263","0.023557617573918263","0.023557617573918263","0.061340119970508464","0.061340119970508464","0.061340119970508464","0.01608444315095574","0.01608444315095574","0.01608444315095574","0.024186026685368667","0.024186026685368667","0.024186026685368667","0.025844556254638173","0.025844556254638173","0.025844556254638173","0.025949441808368993","0.025949441808368993","0.025949441808368993","0.05626781312305136","0.05626781312305136","0.05626781312305136","0.02771170250077762","0.02771170250077762","0.02771170250077762","0.03165978512433351","0.03165978512433351","0.03165978512433351","0.02840657151946987","0.02840657151946987","0.02840657151946987","0.030855460490369493","0.030855460490369493","0.030855460490369493","0.03776389463023563","0.03776389463023563","0.03776389463023563","0.07272161170068692","0.07272161170068692","0.07272161170068692","0.5249302333704475","0.5249302333704475","0.5249302333704475","0.14614069043209585","0.14614069043209585","0.14614069043209585","0.0975101000567932","0.0975101000567932","0.0975101000567932"
"35","0.013716212336738769","0.013716212336738769","0.013716212336738769","0.021555226760941723","0.021555226760941723","0.021555226760941723","0.01370135032294963","0.01370135032294963","0.01370135032294963","0.03797592988931803","0.03797592988931803","0.03797592988931803","0.024097857554570314","0.024097857554570314","0.024097857554570314","0.024889002866780682","0.024889002866780682","0.024889002866780682","0.05464413732118184","0.05464413732118184","0.05464413732118184","0.027198324009083102","0.027198324009083102","0.027198324009083102","0.02773506239770642","0.02773506239770642","0.02773506239770642","0.025792838605891766","0.025792838605891766","0.025792838605891766","0.029438940819984386","0.029438940819984386","0.029438940819984386","0.03673712835805396","0.03673712835805396","0.03673712835805396","0.06862684853011618","0.06862684853011618","0.06862684853011618","0.5239359799440257","0.5239359799440257","0.5239359799440257","0.14072754807236698","0.14072754807236698","0.14072754807236698","0.09204387307346619","0.09204387307346619","0.09204387307346619"
"36","0.01077295397354238","0.01077295397354238","0.01077295397354238","0.015468672910905232","0.015468672910905232","0.015468672910905232","0.01336549736903325","0.01336549736903325","0.01336549736903325","0.020465599719956606","0.020465599719956606","0.020465599719956606","0.023529236683004627","0.023529236683004627","0.023529236683004627","0.02459826642015047","0.02459826642015047","0.02459826642015047","0.05143505313764489","0.05143505313764489","0.05143505313764489","0.026714252120612562","0.026714252120612562","0.026714252120612562","0.026239645531238424","0.026239645531238424","0.026239645531238424","0.025712049919203544","0.025712049919203544","0.025712049919203544","0.03135596538452504","0.03135596538452504","0.03135596538452504","0.03309580541388213","0.03309580541388213","0.03309580541388213","0.06446498169300734","0.06446498169300734","0.06446498169300734","0.5233025931185236","0.5233025931185236","0.5233025931185236","0.13584118122924094","0.13584118122924094","0.13584118122924094","0.08727664962155607","0.08727664962155607","0.08727664962155607"
"37","0.010968701838783002","0.010968701838783002","0.010968701838783002","0.013331283055849573","0.013331283055849573","0.013331283055849573","0.01628742547951153","0.01628742547951153","0.01628742547951153","0.01419679051128225","0.01419679051128225","0.01419679051128225","0.026275297921803952","0.026275297921803952","0.026275297921803952","0.023613946916247793","0.023613946916247793","0.023613946916247793","0.04782876729505072","0.04782876729505072","0.04782876729505072","0.025216457097020323","0.025216457097020323","0.025216457097020323","0.023962371341001737","0.023962371341001737","0.023962371341001737","0.02785840721074126","0.02785840721074126","0.02785840721074126","0.027328774546351554","0.027328774546351554","0.027328774546351554","0.03278481429361514","0.03278481429361514","0.03278481429361514","0.06099873665632078","0.06099873665632078","0.06099873665632078","0.5220796512261567","0.5220796512261567","0.5220796512261567","0.13111259969196729","0.13111259969196729","0.13111259969196729","0.08461772894390572","0.08461772894390572","0.08461772894390572"
"38","0.03624131976959583","0.03624131976959583","0.03624131976959583","0.014036785512844631","0.014036785512844631","0.014036785512844631","0.04399125652185142","0.04399125652185142","0.04399125652185142","0.01169328724824349","0.01169328724824349","0.01169328724824349","0.02437532016981634","0.02437532016981634","0.02437532016981634","0.02062670244673813","0.02062670244673813","0.02062670244673813","0.04436232705413454","0.04436232705413454","0.04436232705413454","0.024665996893961678","0.024665996893961678","0.024665996893961678","0.026759507623569805","0.026759507623569805","0.026759507623569805","0.023670282512052145","0.023670282512052145","0.023670282512052145","0.027561178218031127","0.027561178218031127","0.027561178218031127","0.03069515089491386","0.03069515089491386","0.03069515089491386","0.059643267446084114","0.059643267446084114","0.059643267446084114","0.5213006660515236","0.5213006660515236","0.5213006660515236","0.12717254059856267","0.12717254059856267","0.12717254059856267","0.07918086338376532","0.07918086338376532","0.07918086338376532"
"39","0.036007491772053195","0.036007491772053195","0.036007491772053195","0.020387072858833132","0.020387072858833132","0.020387072858833132","0.03849447481130795","0.03849447481130795","0.03849447481130795","0.017809142876197365","0.017809142876197365","0.017809142876197365","0.01921543131267322","0.01921543131267322","0.01921543131267322","0.019297893449892314","0.019297893449892314","0.019297893449892314","0.04458918283343771","0.04458918283343771","0.04458918283343771","0.023381006336548656","0.023381006336548656","0.023381006336548656","0.022225296351728277","0.022225296351728277","0.022225296351728277","0.02270670389342834","0.02270670389342834","0.02270670389342834","0.025755214501215092","0.025755214501215092","0.025755214501215092","0.02925239862515369","0.02925239862515369","0.02925239862515369","0.055313453181146235","0.055313453181146235","0.055313453181146235","0.5206574224852606","0.5206574224852606","0.5206574224852606","0.12325121919863986","0.12325121919863986","0.12325121919863986","0.07490789944579924","0.07490789944579924","0.07490789944579924"
"40","0.013641875659136129","0.013641875659136129","0.013641875659136129","0.047791216842306916","0.047791216842306916","0.047791216842306916","0.01515873617118579","0.01515873617118579","0.01515873617118579","0.05702202555851558","0.05702202555851558","0.05702202555851558","0.019097000495747817","0.019097000495747817","0.019097000495747817","0.02069773889754475","0.02069773889754475","0.02069773889754475","0.040636560880173804","0.040636560880173804","0.040636560880173804","0.022000479346554712","0.022000479346554712","0.022000479346554712","0.02166590055601955","0.02166590055601955","0.02166590055601955","0.023750605557326887","0.023750605557326887","0.023750605557326887","0.026934971724977223","0.026934971724977223","0.026934971724977223","0.029897139548272434","0.029897139548272434","0.029897139548272434","0.05190422536410952","0.05190422536410952","0.05190422536410952","0.5196581902641185","0.5196581902641185","0.5196581902641185","0.11964115259953455","0.11964115259953455","0.11964115259953455","0.07282917510334894","0.07282917510334894","0.07282917510334894"
"41","0.00901156129367635","0.00901156129367635","0.00901156129367635","0.028395001556676847","0.028395001556676847","0.028395001556676847","0.009626486474226209","0.009626486474226209","0.009626486474226209","0.01572146289588809","0.01572146289588809","0.01572146289588809","0.018931782114047876","0.018931782114047876","0.018931782114047876","0.01892934330446059","0.01892934330446059","0.01892934330446059","0.03795327855567396","0.03795327855567396","0.03795327855567396","0.020999145476458616","0.020999145476458616","0.020999145476458616","0.019684673447660162","0.019684673447660162","0.019684673447660162","0.02292369231700931","0.02292369231700931","0.02292369231700931","0.023442089558115324","0.023442089558115324","0.023442089558115324","0.02864594396659919","0.02864594396659919","0.02864594396659919","0.04866375440709082","0.04866375440709082","0.04866375440709082","0.5190416353986229","0.5190416353986229","0.5190416353986229","0.11398251013612744","0.11398251013612744","0.11398251013612744","0.07060512484030887","0.07060512484030887","0.07060512484030887"
"42","0.008254032022713294","0.008254032022713294","0.008254032022713294","0.01433445167829651","0.01433445167829651","0.01433445167829651","0.007814244289498975","0.007814244289498975","0.007814244289498975","0.00937090675920381","0.00937090675920381","0.00937090675920381","0.020250249893475798","0.020250249893475798","0.020250249893475798","0.021108024830027487","0.021108024830027487","0.021108024830027487","0.03727300154093272","0.03727300154093272","0.03727300154093272","0.02182484241370232","0.02182484241370232","0.02182484241370232","0.021377604407409316","0.021377604407409316","0.021377604407409316","0.024246660285404113","0.024246660285404113","0.024246660285404113","0.022811932398440857","0.022811932398440857","0.022811932398440857","0.02674992668124973","0.02674992668124973","0.02674992668124973","0.04784305531316234","0.04784305531316234","0.04784305531316234","0.5183322453112774","0.5183322453112774","0.5183322453112774","0.11066694403352362","0.11066694403352362","0.11066694403352362","0.06584948300473592","0.06584948300473592","0.06584948300473592"
"43","0.01089737028526974","0.01089737028526974","0.01089737028526974","0.009978840147402692","0.009978840147402692","0.009978840147402692","0.008825321158940514","0.008825321158940514","0.008825321158940514","0.00756173878334739","0.00756173878334739","0.00756173878334739","0.019936763938019065","0.019936763938019065","0.019936763938019065","0.020627947808385665","0.020627947808385665","0.020627947808385665","0.03662953248670349","0.03662953248670349","0.03662953248670349","0.020084304648905624","0.020084304648905624","0.020084304648905624","0.020708507555257816","0.020708507555257816","0.020708507555257816","0.01878672881337263","0.01878672881337263","0.01878672881337263","0.02319552631181175","0.02319552631181175","0.02319552631181175","0.026529848776434592","0.026529848776434592","0.026529848776434592","0.04384286756297181","0.04384286756297181","0.04384286756297181","0.5176970916025414","0.5176970916025414","0.5176970916025414","0.11020302543856064","0.11020302543856064","0.11020302543856064","0.06692610144370141","0.06692610144370141","0.06692610144370141"
"44","0.052027054683640314","0.052027054683640314","0.052027054683640314","0.009117373126443049","0.009117373126443049","0.009117373126443049","0.025130389339748184","0.025130389339748184","0.025130389339748184","0.00723131313476484","0.00723131313476484","0.00723131313476484","0.017483411883521607","0.017483411883521607","0.017483411883521607","0.016619277798045732","0.016619277798045732","0.016619277798045732","0.03555387916844316","0.03555387916844316","0.03555387916844316","0.02032637314261061","0.02032637314261061","0.02032637314261061","0.020901334021157004","0.020901334021157004","0.020901334021157004","0.018633606734285844","0.018633606734285844","0.018633606734285844","0.023679448797506688","0.023679448797506688","0.023679448797506688","0.025670578425869027","0.025670578425869027","0.025670578425869027","0.04175313956194294","0.04175313956194294","0.04175313956194294","0.5169327398507839","0.5169327398507839","0.5169327398507839","0.1034356188273382","0.1034356188273382","0.1034356188273382","0.06076395153945085","0.06076395153945085","0.06076395153945085"
"45","0.02039517153461071","0.02039517153461071","0.02039517153461071","0.010464456678173329","0.010464456678173329","0.010464456678173329","0.05645016662793772","0.05645016662793772","0.05645016662793772","0.0259294102955903","0.0259294102955903","0.0259294102955903","0.019648276671354794","0.019648276671354794","0.019648276671354794","0.015839246804743252","0.015839246804743252","0.015839246804743252","0.03250051023978556","0.03250051023978556","0.03250051023978556","0.018884840892914367","0.018884840892914367","0.018884840892914367","0.019240198361965655","0.019240198361965655","0.019240198361965655","0.021151944926186394","0.021151944926186394","0.021151944926186394","0.02213553960276628","0.02213553960276628","0.02213553960276628","0.028509524630238047","0.028509524630238047","0.028509524630238047","0.04007936715411016","0.04007936715411016","0.04007936715411016","0.5162300576109794","0.5162300576109794","0.5162300576109794","0.1013988488178607","0.1013988488178607","0.1013988488178607","0.05836009175737557","0.05836009175737557","0.05836009175737557"
"46","0.012142769485510508","0.012142769485510508","0.012142769485510508","0.047176867444997585","0.047176867444997585","0.047176867444997585","0.013958814930993083","0.013958814930993083","0.013958814930993083","0.04792245027751735","0.04792245027751735","0.04792245027751735","0.017803210840293193","0.017803210840293193","0.017803210840293193","0.016017709639694278","0.016017709639694278","0.016017709639694278","0.030184664797587996","0.030184664797587996","0.030184664797587996","0.018975111817862628","0.018975111817862628","0.018975111817862628","0.017833079850123567","0.017833079850123567","0.017833079850123567","0.018500910233805606","0.018500910233805606","0.018500910233805606","0.020689552229348828","0.020689552229348828","0.020689552229348828","0.02371874612194404","0.02371874612194404","0.02371874612194404","0.03972733375238009","0.03972733375238009","0.03972733375238009","0.516025661301764","0.516025661301764","0.516025661301764","0.09896227048563506","0.09896227048563506","0.09896227048563506","0.05499307931017563","0.05499307931017563","0.05499307931017563"
"47","0.006897434761174533","0.006897434761174533","0.006897434761174533","0.025075383418663024","0.025075383418663024","0.025075383418663024","0.007974891116578306","0.007974891116578306","0.007974891116578306","0.012613418480423572","0.012613418480423572","0.012613418480423572","0.01576466789740459","0.01576466789740459","0.01576466789740459","0.019011973935837412","0.019011973935837412","0.019011973935837412","0.029644916136268316","0.029644916136268316","0.029644916136268316","0.01799830091677745","0.01799830091677745","0.01799830091677745","0.017562019413383055","0.017562019413383055","0.017562019413383055","0.01819227819646575","0.01819227819646575","0.01819227819646575","0.019149771545203677","0.019149771545203677","0.019149771545203677","0.02237862753421433","0.02237862753421433","0.02237862753421433","0.03908695375326681","0.03908695375326681","0.03908695375326681","0.5152044452973277","0.5152044452973277","0.5152044452973277","0.09383680247182355","0.09383680247182355","0.09383680247182355","0.05393803961654994","0.05393803961654994","0.05393803961654994"
"48","0.0058911399868351024","0.0058911399868351024","0.0058911399868351024","0.010184211270869768","0.010184211270869768","0.010184211270869768","0.005900796291786098","0.005900796291786098","0.005900796291786098","0.0069069271517449545","0.0069069271517449545","0.0069069271517449545","0.017415944479725266","0.017415944479725266","0.017415944479725266","0.016095447994832684","0.016095447994832684","0.016095447994832684","0.028770389088302026","0.028770389088302026","0.028770389088302026","0.01666382346333835","0.01666382346333835","0.01666382346333835","0.01609356496007285","0.01609356496007285","0.01609356496007285","0.01779628816721059","0.01779628816721059","0.01779628816721059","0.019220326435545","0.019220326435545","0.019220326435545","0.022694675561990143","0.022694675561990143","0.022694675561990143","0.035408721630367","0.035408721630367","0.035408721630367","0.514768419285649","0.514768419285649","0.514768419285649","0.09272588125162862","0.09272588125162862","0.09272588125162862","0.05333353147712167","0.05333353147712167","0.05333353147712167"
"49","0.006801914538387816","0.006801914538387816","0.006801914538387816","0.006978226453662087","0.006978226453662087","0.006978226453662087","0.005542601726002052","0.005542601726002052","0.005542601726002052","0.005415051612361909","0.005415051612361909","0.005415051612361909","0.014178007414173677","0.014178007414173677","0.014178007414173677","0.013800039069211161","0.013800039069211161","0.013800039069211161","0.027357716687916325","0.027357716687916325","0.027357716687916325","0.01525995166836553","0.01525995166836553","0.01525995166836553","0.017098855138384286","0.017098855138384286","0.017098855138384286","0.015811596295126996","0.015811596295126996","0.015811596295126996","0.019362272604923982","0.019362272604923982","0.019362272604923982","0.022057842349155785","0.022057842349155785","0.022057842349155785","0.03485133831945657","0.03485133831945657","0.03485133831945657","0.5139632879367156","0.5139632879367156","0.5139632879367156","0.09027915078110145","0.09027915078110145","0.09027915078110145","0.04856227637917834","0.04856227637917834","0.04856227637917834"
"50","0.034535510237187546","0.034535510237187546","0.034535510237187546","0.006443681571285884","0.006443681571285884","0.006443681571285884","0.006445181011094","0.006445181011094","0.006445181011094","0.005190893877509237","0.005190893877509237","0.005190893877509237","0.014092949572860584","0.014092949572860584","0.014092949572860584","0.014264108084197388","0.014264108084197388","0.014264108084197388","0.02587869488472548","0.02587869488472548","0.02587869488472548","0.016120519282245213","0.016120519282245213","0.016120519282245213","0.017996280999285","0.017996280999285","0.017996280999285","0.016175369742544875","0.016175369742544875","0.016175369742544875","0.017677714130256962","0.017677714130256962","0.017677714130256962","0.021109655601165542","0.021109655601165542","0.021109655601165542","0.03217931446182517","0.03217931446182517","0.03217931446182517","0.5130002441090813","0.5130002441090813","0.5130002441090813","0.08682034123376332","0.08682034123376332","0.08682034123376332","0.04730478039169531","0.04730478039169531","0.04730478039169531"